,NOME_COMUNE,DATA,TOTALE
3719,Bergamo,2015-12-19,5
3720,Bergamo,2016-12-19,6
3721,Bergamo,2017-12-19,3
3722,Bergamo,2018-12-19,6
3723,Bergamo,2019-12-19,8
3963,Bergamo,2015-12-26,3
3964,Bergamo,2016-12-26,6
3965,Bergamo,2017-12-26,6
3966,Bergamo,2018-12-26,2
3967,Bergamo,2019-12-26,2
3968,Bergamo,2015-12-16,3
3969,Bergamo,2016-12-16,1
3970,Bergamo,2017-12-16,8
3971,Bergamo,2018-12-16,6
3972,Bergamo,2019-12-16,9
7133,Bergamo,2015-11-07,3
7134,Bergamo,2016-11-07,5
7135,Bergamo,2017-11-07,3
7136,Bergamo,2018-11-07,11
7137,Bergamo,2019-11-07,2
7138,Bergamo,2015-12-30,7
7139,Bergamo,2016-12-30,9
7140,Bergamo,2017-12-30,7
7141,Bergamo,2018-12-30,5
7142,Bergamo,2019-12-30,2
7143,Bergamo,2015-10-20,4
7144,Bergamo,2016-10-20,4
7145,Bergamo,2017-10-20,3
7146,Bergamo,2018-10-20,1
7147,Bergamo,2019-10-20,5
7148,Bergamo,2015-10-15,4
7149,Bergamo,2016-10-15,3
7150,Bergamo,2017-10-15,4
7151,Bergamo,2018-10-15,1
7152,Bergamo,2019-10-15,7
7153,Bergamo,2015-11-10,3
7154,Bergamo,2016-11-10,2
7155,Bergamo,2017-11-10,3
7156,Bergamo,2018-11-10,2
7157,Bergamo,2019-11-10,3
7158,Bergamo,2015-11-16,5
7159,Bergamo,2016-11-16,6
7160,Bergamo,2017-11-16,6
7161,Bergamo,2018-11-16,7
7162,Bergamo,2019-11-16,7
7163,Bergamo,2015-10-04,8
7164,Bergamo,2016-10-04,6
7165,Bergamo,2018-10-04,8
7166,Bergamo,2019-10-04,4
7167,Bergamo,2015-11-03,7
7168,Bergamo,2016-11-03,4
7169,Bergamo,2017-11-03,4
7170,Bergamo,2018-11-03,3
7171,Bergamo,2019-11-03,1
7172,Bergamo,2015-10-28,3
7173,Bergamo,2016-10-28,4
7174,Bergamo,2017-10-28,3
7175,Bergamo,2018-10-28,5
7176,Bergamo,2019-10-28,5
7177,Bergamo,2015-10-29,2
7178,Bergamo,2016-10-29,4
7179,Bergamo,2017-10-29,1
7180,Bergamo,2018-10-29,4
7181,Bergamo,2019-10-29,3
7182,Bergamo,2015-12-05,3
7183,Bergamo,2016-12-05,5
7184,Bergamo,2017-12-05,4
7185,Bergamo,2018-12-05,6
7186,Bergamo,2019-12-05,4
7187,Bergamo,2015-10-13,5
7188,Bergamo,2016-10-13,6
7189,Bergamo,2017-10-13,3
7190,Bergamo,2018-10-13,8
7191,Bergamo,2019-10-13,2
12944,Bergamo,2015-11-06,5
12945,Bergamo,2016-11-06,5
12946,Bergamo,2017-11-06,6
12947,Bergamo,2018-11-06,4
12948,Bergamo,2019-11-06,5
12949,Bergamo,2015-11-02,3
12950,Bergamo,2016-11-02,2
12951,Bergamo,2017-11-02,7
12952,Bergamo,2018-11-02,2
12953,Bergamo,2019-11-02,2
12954,Bergamo,2015-12-14,4
12955,Bergamo,2016-12-14,5
12956,Bergamo,2017-12-14,2
12957,Bergamo,2018-12-14,6
12958,Bergamo,2019-12-14,3
12959,Bergamo,2015-10-10,4
12960,Bergamo,2016-10-10,7
12961,Bergamo,2017-10-10,2
12962,Bergamo,2018-10-10,5
12963,Bergamo,2019-10-10,5
12964,Bergamo,2015-12-08,6
12965,Bergamo,2016-12-08,6
12966,Bergamo,2017-12-08,4
12967,Bergamo,2018-12-08,3
12968,Bergamo,2019-12-08,3
12969,Bergamo,2015-12-25,2
12970,Bergamo,2016-12-25,4
12971,Bergamo,2017-12-25,7
12972,Bergamo,2018-12-25,7
12973,Bergamo,2019-12-25,3
12974,Bergamo,2015-11-20,10
12975,Bergamo,2016-11-20,5
12976,Bergamo,2017-11-20,11
12977,Bergamo,2018-11-20,7
12978,Bergamo,2019-11-20,3
12979,Bergamo,2015-11-17,5
12980,Bergamo,2016-11-17,6
12981,Bergamo,2017-11-17,4
12982,Bergamo,2018-11-17,5
12983,Bergamo,2019-11-17,1
12984,Bergamo,2015-10-02,2
12985,Bergamo,2016-10-02,4
12986,Bergamo,2017-10-02,8
12987,Bergamo,2018-10-02,5
12988,Bergamo,2019-10-02,5
12989,Bergamo,2015-11-15,4
12990,Bergamo,2016-11-15,4
12991,Bergamo,2017-11-15,11
12992,Bergamo,2018-11-15,4
12993,Bergamo,2019-11-15,3
12994,Bergamo,2015-11-22,4
12995,Bergamo,2016-11-22,6
12996,Bergamo,2017-11-22,5
12997,Bergamo,2018-11-22,6
12998,Bergamo,2019-11-22,6
12999,Bergamo,2015-10-24,5
13000,Bergamo,2016-10-24,6
13001,Bergamo,2017-10-24,6
13002,Bergamo,2018-10-24,4
13003,Bergamo,2019-10-24,6
13004,Bergamo,2015-11-18,5
13005,Bergamo,2016-11-18,2
13006,Bergamo,2017-11-18,3
13007,Bergamo,2018-11-18,2
13008,Bergamo,2019-11-18,3
13009,Bergamo,2015-10-01,4
13010,Bergamo,2016-10-01,3
13011,Bergamo,2017-10-01,6
13012,Bergamo,2018-10-01,3
13013,Bergamo,2019-10-01,2
13014,Bergamo,2015-10-14,3
13015,Bergamo,2016-10-14,6
13016,Bergamo,2018-10-14,6
13017,Bergamo,2019-10-14,3
13018,Bergamo,2015-10-07,6
13019,Bergamo,2016-10-07,3
13020,Bergamo,2017-10-07,5
13021,Bergamo,2018-10-07,6
13022,Bergamo,2019-10-07,9
13023,Bergamo,2015-10-09,4
13024,Bergamo,2016-10-09,5
13025,Bergamo,2017-10-09,4
13026,Bergamo,2018-10-09,3
13027,Bergamo,2019-10-09,3
13028,Bergamo,2015-11-13,3
13029,Bergamo,2016-11-13,3
13030,Bergamo,2017-11-13,3
13031,Bergamo,2018-11-13,5
13032,Bergamo,2019-11-13,6
13033,Bergamo,2015-11-12,3
13034,Bergamo,2016-11-12,3
13035,Bergamo,2017-11-12,6
13036,Bergamo,2018-11-12,5
13037,Bergamo,2019-11-12,3
13038,Bergamo,2015-11-09,2
13039,Bergamo,2016-11-09,4
13040,Bergamo,2017-11-09,3
13041,Bergamo,2018-11-09,2
13042,Bergamo,2019-11-09,6
13043,Bergamo,2015-11-04,5
13044,Bergamo,2016-11-04,6
13045,Bergamo,2017-11-04,4
13046,Bergamo,2018-11-04,5
13047,Bergamo,2019-11-04,3
13048,Bergamo,2015-10-12,2
13049,Bergamo,2016-10-12,2
13050,Bergamo,2017-10-12,5
13051,Bergamo,2018-10-12,4
13052,Bergamo,2019-10-12,4
23108,Bergamo,2015-12-31,3
23109,Bergamo,2016-12-31,8
23110,Bergamo,2017-12-31,4
23111,Bergamo,2018-12-31,5
23112,Bergamo,2019-12-31,3
23113,Bergamo,2015-12-17,5
23114,Bergamo,2016-12-17,1
23115,Bergamo,2017-12-17,4
23116,Bergamo,2018-12-17,1
23117,Bergamo,2019-12-17,4
23118,Bergamo,2015-12-24,7
23119,Bergamo,2016-12-24,6
23120,Bergamo,2017-12-24,5
23121,Bergamo,2018-12-24,3
23122,Bergamo,2019-12-24,6
23123,Bergamo,2015-12-27,4
23124,Bergamo,2016-12-27,2
23125,Bergamo,2017-12-27,12
23126,Bergamo,2019-12-27,4
23127,Bergamo,2015-12-09,3
23128,Bergamo,2016-12-09,3
23129,Bergamo,2017-12-09,4
23130,Bergamo,2018-12-09,1
23131,Bergamo,2019-12-09,4
23132,Bergamo,2015-10-06,6
23133,Bergamo,2016-10-06,4
23134,Bergamo,2017-10-06,3
23135,Bergamo,2018-10-06,3
23136,Bergamo,2019-10-06,2
23137,Bergamo,2015-10-05,4
23138,Bergamo,2017-10-05,3
23139,Bergamo,2018-10-05,6
23140,Bergamo,2019-10-05,3
23141,Bergamo,2015-12-12,4
23142,Bergamo,2016-12-12,5
23143,Bergamo,2017-12-12,2
23144,Bergamo,2018-12-12,1
23145,Bergamo,2019-12-12,6
23146,Bergamo,2015-11-27,4
23147,Bergamo,2016-11-27,6
23148,Bergamo,2017-11-27,1
23149,Bergamo,2018-11-27,1
23150,Bergamo,2019-11-27,8
23151,Bergamo,2015-10-16,7
23152,Bergamo,2016-10-16,2
23153,Bergamo,2017-10-16,3
23154,Bergamo,2018-10-16,3
23155,Bergamo,2019-10-16,4
23156,Bergamo,2015-10-31,4
23157,Bergamo,2016-10-31,5
23158,Bergamo,2017-10-31,4
23159,Bergamo,2018-10-31,2
23160,Bergamo,2019-10-31,3
23161,Bergamo,2015-10-26,3
23162,Bergamo,2016-10-26,4
23163,Bergamo,2017-10-26,3
23164,Bergamo,2018-10-26,5
23165,Bergamo,2019-10-26,7
23166,Bergamo,2015-12-20,3
23167,Bergamo,2016-12-20,5
23168,Bergamo,2017-12-20,4
23169,Bergamo,2018-12-20,3
23170,Bergamo,2019-12-20,2
23171,Bergamo,2015-10-03,6
23172,Bergamo,2016-10-03,3
23173,Bergamo,2017-10-03,1
23174,Bergamo,2018-10-03,3
23175,Bergamo,2019-10-03,2
23176,Bergamo,2015-10-23,3
23177,Bergamo,2016-10-23,1
23178,Bergamo,2017-10-23,4
23179,Bergamo,2018-10-23,1
23180,Bergamo,2019-10-23,5
23181,Bergamo,2015-11-23,2
23182,Bergamo,2016-11-23,4
23183,Bergamo,2017-11-23,8
23184,Bergamo,2018-11-23,3
23185,Bergamo,2019-11-23,5
23186,Bergamo,2015-11-05,3
23187,Bergamo,2016-11-05,1
23188,Bergamo,2017-11-05,5
23189,Bergamo,2018-11-05,2
23190,Bergamo,2019-11-05,5
23191,Bergamo,2015-12-22,6
23192,Bergamo,2016-12-22,2
23193,Bergamo,2017-12-22,2
23194,Bergamo,2018-12-22,3
23195,Bergamo,2019-12-22,2
23196,Bergamo,2015-11-28,3
23197,Bergamo,2016-11-28,4
23198,Bergamo,2017-11-28,7
23199,Bergamo,2018-11-28,3
23200,Bergamo,2019-11-28,4
23201,Bergamo,2015-10-11,4
23202,Bergamo,2016-10-11,1
23203,Bergamo,2017-10-11,6
23204,Bergamo,2018-10-11,4
23205,Bergamo,2019-10-11,3
23206,Bergamo,2015-12-06,6
23207,Bergamo,2016-12-06,8
23208,Bergamo,2017-12-06,4
23209,Bergamo,2018-12-06,5
23210,Bergamo,2019-12-06,1
23211,Bergamo,2015-10-21,4
23212,Bergamo,2016-10-21,2
23213,Bergamo,2017-10-21,2
23214,Bergamo,2018-10-21,5
23215,Bergamo,2019-10-21,5
25468,Bergamo,2015-12-18,2
25469,Bergamo,2016-12-18,3
25470,Bergamo,2017-12-18,7
25471,Bergamo,2018-12-18,2
25472,Bergamo,2019-12-18,5
25473,Bergamo,2015-10-17,1
25474,Bergamo,2016-10-17,6
25475,Bergamo,2017-10-17,3
25476,Bergamo,2018-10-17,4
25477,Bergamo,2019-10-17,5
25478,Bergamo,2015-11-01,1
25479,Bergamo,2016-11-01,3
25480,Bergamo,2017-11-01,4
25481,Bergamo,2018-11-01,1
25482,Bergamo,2019-11-01,9
25483,Bergamo,2015-12-13,1
25484,Bergamo,2016-12-13,6
25485,Bergamo,2017-12-13,4
25486,Bergamo,2018-12-13,3
25487,Bergamo,2019-12-13,3
25488,Bergamo,2015-12-28,3
25489,Bergamo,2016-12-28,6
25490,Bergamo,2017-12-28,5
25491,Bergamo,2018-12-28,7
25492,Bergamo,2019-12-28,5
25493,Bergamo,2015-11-26,1
25494,Bergamo,2016-11-26,7
25495,Bergamo,2017-11-26,1
25496,Bergamo,2018-11-26,3
25497,Bergamo,2019-11-26,8
25498,Bergamo,2015-11-11,2
25499,Bergamo,2016-11-11,3
25500,Bergamo,2017-11-11,8
25501,Bergamo,2018-11-11,3
25502,Bergamo,2019-11-11,1
25503,Bergamo,2015-12-02,6
25504,Bergamo,2016-12-02,3
25505,Bergamo,2017-12-02,6
25506,Bergamo,2018-12-02,4
25507,Bergamo,2019-12-02,5
25508,Bergamo,2015-10-22,3
25509,Bergamo,2016-10-22,1
25510,Bergamo,2017-10-22,1
25511,Bergamo,2018-10-22,1
25512,Bergamo,2019-10-22,5
25513,Bergamo,2015-12-23,2
25514,Bergamo,2016-12-23,6
25515,Bergamo,2017-12-23,3
25516,Bergamo,2018-12-23,4
25517,Bergamo,2019-12-23,1
25518,Bergamo,2015-11-24,3
25519,Bergamo,2016-11-24,4
25520,Bergamo,2017-11-24,4
25521,Bergamo,2018-11-24,1
25522,Bergamo,2019-11-24,3
25523,Bergamo,2015-10-18,5
25524,Bergamo,2016-10-18,3
25525,Bergamo,2017-10-18,3
25526,Bergamo,2018-10-18,2
25527,Bergamo,2019-10-18,3
25528,Bergamo,2015-10-25,4
25529,Bergamo,2016-10-25,5
25530,Bergamo,2018-10-25,4
25531,Bergamo,2019-10-25,4
25532,Bergamo,2015-10-27,4
25533,Bergamo,2016-10-27,4
25534,Bergamo,2017-10-27,4
25535,Bergamo,2018-10-27,6
25536,Bergamo,2019-10-27,5
25537,Bergamo,2015-11-21,1
25538,Bergamo,2016-11-21,2
25539,Bergamo,2017-11-21,5
25540,Bergamo,2018-11-21,3
25541,Bergamo,2019-11-21,4
25542,Bergamo,2015-11-19,5
25543,Bergamo,2016-11-19,3
25544,Bergamo,2017-11-19,3
25545,Bergamo,2018-11-19,4
25546,Bergamo,2019-11-19,6
25547,Bergamo,2015-11-14,2
25548,Bergamo,2016-11-14,2
25549,Bergamo,2017-11-14,6
25550,Bergamo,2018-11-14,4
25551,Bergamo,2019-11-14,4
25552,Bergamo,2015-10-19,2
25553,Bergamo,2016-10-19,4
25554,Bergamo,2017-10-19,6
25555,Bergamo,2018-10-19,4
25556,Bergamo,2019-10-19,2
25557,Bergamo,2015-12-04,4
25558,Bergamo,2016-12-04,2
25559,Bergamo,2017-12-04,5
25560,Bergamo,2018-12-04,3
25561,Bergamo,2019-12-04,2
44934,Bergamo,2015-12-15,1
44935,Bergamo,2016-12-15,3
44936,Bergamo,2017-12-15,4
44937,Bergamo,2018-12-15,3
44938,Bergamo,2019-12-15,2
44939,Bergamo,2015-10-30,3
44940,Bergamo,2016-10-30,3
44941,Bergamo,2017-10-30,1
44942,Bergamo,2018-10-30,1
44943,Bergamo,2019-10-30,3
44944,Bergamo,2015-12-10,2
44945,Bergamo,2016-12-10,3
44946,Bergamo,2017-12-10,2
44947,Bergamo,2018-12-10,7
44948,Bergamo,2019-12-10,1
44949,Bergamo,2015-12-29,7
44950,Bergamo,2016-12-29,4
44951,Bergamo,2017-12-29,4
44952,Bergamo,2018-12-29,3
44953,Bergamo,2019-12-29,4
44954,Bergamo,2015-12-01,2
44955,Bergamo,2016-12-01,5
44956,Bergamo,2017-12-01,3
44957,Bergamo,2018-12-01,2
44958,Bergamo,2019-12-01,5
44959,Bergamo,2015-12-07,3
44960,Bergamo,2016-12-07,4
44961,Bergamo,2017-12-07,8
44962,Bergamo,2018-12-07,3
44963,Bergamo,2019-12-07,3
44964,Bergamo,2015-11-08,3
44965,Bergamo,2016-11-08,2
44966,Bergamo,2017-11-08,7
44967,Bergamo,2018-11-08,1
44968,Bergamo,2019-11-08,4
44969,Bergamo,2015-12-03,3
44970,Bergamo,2016-12-03,2
44971,Bergamo,2017-12-03,3
44972,Bergamo,2018-12-03,3
44973,Bergamo,2019-12-03,5
44974,Bergamo,2015-10-08,1
44975,Bergamo,2016-10-08,1
44976,Bergamo,2017-10-08,3
44977,Bergamo,2018-10-08,2
44978,Bergamo,2019-10-08,1
44979,Bergamo,2015-11-29,1
44980,Bergamo,2016-11-29,3
44981,Bergamo,2017-11-29,5
44982,Bergamo,2018-11-29,2
44983,Bergamo,2019-11-29,2
72035,Bergamo,2015-11-30,7
72036,Bergamo,2016-11-30,2
72037,Bergamo,2017-11-30,1
72038,Bergamo,2018-11-30,1
72039,Bergamo,2019-11-30,1
72040,Bergamo,2015-12-11,4
72041,Bergamo,2016-12-11,2
72042,Bergamo,2017-12-11,5
72043,Bergamo,2018-12-11,3
72044,Bergamo,2019-12-11,4
72045,Bergamo,2015-11-25,3
72046,Bergamo,2016-11-25,1
72047,Bergamo,2017-11-25,2
72048,Bergamo,2018-11-25,4
72049,Bergamo,2019-11-25,3
126516,Bergamo,2015-12-21,2
126517,Bergamo,2016-12-21,2
126518,Bergamo,2017-12-21,1
126519,Bergamo,2018-12-21,3
126520,Bergamo,2019-12-21,1
1229370,Bergamo,2015-05-21,5
1229371,Bergamo,2016-05-21,5
1229372,Bergamo,2017-05-21,4
1229373,Bergamo,2018-05-21,2
1229374,Bergamo,2019-05-21,1
1229378,Bergamo,2015-09-15,6
1229379,Bergamo,2016-09-15,4
1229380,Bergamo,2017-09-15,4
1229381,Bergamo,2018-09-15,6
1229382,Bergamo,2019-09-15,5
1229395,Bergamo,2015-07-25,2
1229396,Bergamo,2016-07-25,7
1229397,Bergamo,2017-07-25,3
1229398,Bergamo,2018-07-25,5
1229399,Bergamo,2019-07-25,4
1229462,Bergamo,2015-08-04,6
1229463,Bergamo,2016-08-04,4
1229464,Bergamo,2017-08-04,6
1229465,Bergamo,2018-08-04,5
1229466,Bergamo,2019-08-04,4
1472410,Bergamo,2015-02-09,8
1472411,Bergamo,2016-02-09,4
1472412,Bergamo,2017-02-09,8
1472413,Bergamo,2018-02-09,5
1472414,Bergamo,2019-02-09,10
1472415,Bergamo,2020-02-09,1
1472454,Bergamo,2015-09-20,3
1472455,Bergamo,2016-09-20,3
1472456,Bergamo,2017-09-20,5
1472457,Bergamo,2018-09-20,4
1472458,Bergamo,2019-09-20,5
1472459,Bergamo,2020-09-20,1
1472667,Bergamo,2015-07-19,8
1472668,Bergamo,2016-07-19,9
1472669,Bergamo,2017-07-19,2
1472670,Bergamo,2018-07-19,4
1472671,Bergamo,2019-07-19,7
1472672,Bergamo,2020-07-19,1
1472692,Bergamo,2015-02-21,2
1472693,Bergamo,2016-02-21,3
1472694,Bergamo,2017-02-21,5
1472695,Bergamo,2018-02-21,2
1472696,Bergamo,2019-02-21,3
1472697,Bergamo,2020-02-21,1
1472710,Bergamo,2015-08-22,2
1472711,Bergamo,2016-08-22,5
1472712,Bergamo,2017-08-22,7
1472713,Bergamo,2018-08-22,6
1472714,Bergamo,2019-08-22,8
1472715,Bergamo,2020-08-22,1
1472717,Bergamo,2015-09-27,6
1472718,Bergamo,2016-09-27,5
1472719,Bergamo,2017-09-27,2
1472720,Bergamo,2018-09-27,3
1472721,Bergamo,2019-09-27,5
1472722,Bergamo,2020-09-27,1
1472748,Bergamo,2016-09-28,5
1472749,Bergamo,2017-09-28,3
1472750,Bergamo,2018-09-28,1
1472751,Bergamo,2019-09-28,5
1472752,Bergamo,2020-09-28,1
1472753,Bergamo,2015-06-20,1
1472754,Bergamo,2016-06-20,2
1472755,Bergamo,2017-06-20,1
1472756,Bergamo,2018-06-20,3
1472757,Bergamo,2019-06-20,4
1472758,Bergamo,2020-06-20,1
1472759,Bergamo,2015-06-03,4
1472760,Bergamo,2016-06-03,3
1472761,Bergamo,2017-06-03,4
1472762,Bergamo,2018-06-03,3
1472763,Bergamo,2019-06-03,2
1472764,Bergamo,2020-06-03,1
1472765,Bergamo,2015-07-16,1
1472766,Bergamo,2016-07-16,2
1472767,Bergamo,2017-07-16,3
1472768,Bergamo,2018-07-16,3
1472769,Bergamo,2019-07-16,2
1472770,Bergamo,2020-07-16,1
1472780,Bergamo,2015-02-20,3
1472781,Bergamo,2016-02-20,4
1472782,Bergamo,2017-02-20,4
1472783,Bergamo,2018-02-20,7
1472784,Bergamo,2019-02-20,4
1472785,Bergamo,2020-02-20,1
1472809,Bergamo,2015-08-26,3
1472810,Bergamo,2016-08-26,5
1472811,Bergamo,2017-08-26,3
1472812,Bergamo,2018-08-26,1
1472813,Bergamo,2019-08-26,3
1472814,Bergamo,2020-08-26,1
1472827,Bergamo,2015-06-05,3
1472828,Bergamo,2016-06-05,1
1472829,Bergamo,2017-06-05,6
1472830,Bergamo,2018-06-05,3
1472831,Bergamo,2019-06-05,1
1472832,Bergamo,2020-06-05,1
1472834,Bergamo,2015-04-27,8
1472835,Bergamo,2016-04-27,10
1472836,Bergamo,2017-04-27,5
1472837,Bergamo,2018-04-27,4
1472838,Bergamo,2019-04-27,1
1472839,Bergamo,2020-04-27,1
1472846,Bergamo,2015-05-16,3
1472847,Bergamo,2016-05-16,4
1472848,Bergamo,2017-05-16,6
1472849,Bergamo,2018-05-16,5
1472850,Bergamo,2019-05-16,1
1472851,Bergamo,2020-05-16,1
1472852,Bergamo,2015-07-12,3
1472853,Bergamo,2016-07-12,4
1472854,Bergamo,2017-07-12,3
1472855,Bergamo,2018-07-12,2
1472856,Bergamo,2019-07-12,4
1472857,Bergamo,2020-07-12,1
1472870,Bergamo,2015-05-29,1
1472871,Bergamo,2016-05-29,3
1472872,Bergamo,2017-05-29,4
1472873,Bergamo,2018-05-29,5
1472874,Bergamo,2019-05-29,1
1472875,Bergamo,2020-05-29,1
1472876,Bergamo,2015-09-21,3
1472877,Bergamo,2016-09-21,2
1472878,Bergamo,2017-09-21,1
1472879,Bergamo,2018-09-21,5
1472880,Bergamo,2019-09-21,2
1472881,Bergamo,2020-09-21,1
1472892,Bergamo,2015-08-03,4
1472893,Bergamo,2016-08-03,4
1472894,Bergamo,2017-08-03,3
1472895,Bergamo,2018-08-03,3
1472896,Bergamo,2019-08-03,5
1472897,Bergamo,2020-08-03,1
1472900,Bergamo,2015-01-28,7
1472901,Bergamo,2016-01-28,1
1472902,Bergamo,2017-01-28,8
1472903,Bergamo,2018-01-28,6
1472904,Bergamo,2019-01-28,5
1472905,Bergamo,2020-01-28,1
1472907,Bergamo,2015-09-19,2
1472908,Bergamo,2016-09-19,4
1472909,Bergamo,2017-09-19,2
1472910,Bergamo,2018-09-19,7
1472911,Bergamo,2019-09-19,4
1472912,Bergamo,2020-09-19,1
1472917,Bergamo,2015-02-02,5
1472918,Bergamo,2016-02-02,6
1472919,Bergamo,2017-02-02,7
1472920,Bergamo,2018-02-02,5
1472921,Bergamo,2019-02-02,3
1472922,Bergamo,2020-02-02,1
1472933,Bergamo,2015-08-08,3
1472934,Bergamo,2016-08-08,3
1472935,Bergamo,2017-08-08,4
1472936,Bergamo,2018-08-08,2
1472937,Bergamo,2019-08-08,2
1472938,Bergamo,2020-08-08,1
1472946,Bergamo,2015-06-14,3
1472947,Bergamo,2016-06-14,2
1472948,Bergamo,2017-06-14,9
1472949,Bergamo,2018-06-14,3
1472950,Bergamo,2019-06-14,7
1472951,Bergamo,2020-06-14,1
2035142,Bergamo,2015-09-04,3
2035143,Bergamo,2016-09-04,2
2035144,Bergamo,2017-09-04,7
2035145,Bergamo,2018-09-04,2
2035146,Bergamo,2019-09-04,3
2035147,Bergamo,2020-09-04,2
2035148,Bergamo,2015-07-23,6
2035149,Bergamo,2016-07-23,2
2035150,Bergamo,2017-07-23,3
2035151,Bergamo,2018-07-23,6
2035152,Bergamo,2019-07-23,1
2035153,Bergamo,2020-07-23,2
2035154,Bergamo,2016-06-17,4
2035155,Bergamo,2017-06-17,3
2035156,Bergamo,2018-06-17,5
2035157,Bergamo,2019-06-17,4
2035158,Bergamo,2020-06-17,2
2035159,Bergamo,2015-08-09,3
2035160,Bergamo,2016-08-09,5
2035161,Bergamo,2017-08-09,3
2035162,Bergamo,2018-08-09,5
2035163,Bergamo,2019-08-09,7
2035164,Bergamo,2020-08-09,2
2035283,Bergamo,2015-05-05,4
2035284,Bergamo,2016-05-05,7
2035285,Bergamo,2017-05-05,3
2035286,Bergamo,2018-05-05,5
2035287,Bergamo,2019-05-05,5
2035288,Bergamo,2020-05-05,2
2035289,Bergamo,2016-01-17,4
2035290,Bergamo,2017-01-17,6
2035291,Bergamo,2018-01-17,5
2035292,Bergamo,2019-01-17,5
2035293,Bergamo,2020-01-17,2
2035294,Bergamo,2015-07-10,6
2035295,Bergamo,2016-07-10,3
2035296,Bergamo,2017-07-10,6
2035297,Bergamo,2018-07-10,4
2035298,Bergamo,2019-07-10,4
2035299,Bergamo,2020-07-10,2
2035300,Bergamo,2015-03-02,6
2035301,Bergamo,2016-03-02,9
2035302,Bergamo,2017-03-02,4
2035303,Bergamo,2018-03-02,3
2035304,Bergamo,2019-03-02,15
2035305,Bergamo,2020-03-02,2
2035306,Bergamo,2015-09-08,5
2035307,Bergamo,2016-09-08,3
2035308,Bergamo,2017-09-08,3
2035309,Bergamo,2018-09-08,2
2035310,Bergamo,2019-09-08,2
2035311,Bergamo,2020-09-08,2
2035312,Bergamo,2015-05-31,4
2035313,Bergamo,2016-05-31,2
2035314,Bergamo,2017-05-31,4
2035315,Bergamo,2018-05-31,4
2035316,Bergamo,2019-05-31,5
2035317,Bergamo,2020-05-31,2
2035318,Bergamo,2015-08-02,3
2035319,Bergamo,2016-08-02,5
2035320,Bergamo,2017-08-02,6
2035321,Bergamo,2018-08-02,2
2035322,Bergamo,2019-08-02,5
2035323,Bergamo,2020-08-02,2
2035324,Bergamo,2015-04-30,5
2035325,Bergamo,2016-04-30,5
2035326,Bergamo,2017-04-30,6
2035327,Bergamo,2018-04-30,2
2035328,Bergamo,2019-04-30,4
2035329,Bergamo,2020-04-30,2
2035330,Bergamo,2015-09-25,1
2035331,Bergamo,2016-09-25,1
2035332,Bergamo,2017-09-25,8
2035333,Bergamo,2018-09-25,2
2035334,Bergamo,2019-09-25,2
2035335,Bergamo,2020-09-25,2
2035336,Bergamo,2015-05-10,4
2035337,Bergamo,2016-05-10,4
2035338,Bergamo,2017-05-10,4
2035339,Bergamo,2018-05-10,2
2035340,Bergamo,2019-05-10,3
2035341,Bergamo,2020-05-10,2
2035342,Bergamo,2015-01-25,6
2035343,Bergamo,2016-01-25,3
2035344,Bergamo,2017-01-25,8
2035345,Bergamo,2018-01-25,4
2035346,Bergamo,2019-01-25,4
2035347,Bergamo,2020-01-25,2
2035348,Bergamo,2015-09-17,6
2035349,Bergamo,2016-09-17,1
2035350,Bergamo,2017-09-17,2
2035351,Bergamo,2018-09-17,5
2035352,Bergamo,2019-09-17,4
2035353,Bergamo,2020-09-17,2
2035354,Bergamo,2015-05-04,3
2035355,Bergamo,2017-05-04,3
2035356,Bergamo,2018-05-04,3
2035357,Bergamo,2020-05-04,2
2035358,Bergamo,2015-08-27,3
2035359,Bergamo,2016-08-27,2
2035360,Bergamo,2017-08-27,3
2035361,Bergamo,2018-08-27,3
2035362,Bergamo,2019-08-27,8
2035363,Bergamo,2020-08-27,2
2035364,Bergamo,2015-09-02,1
2035365,Bergamo,2016-09-02,4
2035366,Bergamo,2017-09-02,3
2035367,Bergamo,2018-09-02,7
2035368,Bergamo,2019-09-02,3
2035369,Bergamo,2020-09-02,2
2035370,Bergamo,2015-07-26,1
2035371,Bergamo,2016-07-26,2
2035372,Bergamo,2017-07-26,2
2035373,Bergamo,2018-07-26,3
2035374,Bergamo,2019-07-26,6
2035375,Bergamo,2020-07-26,2
2035376,Bergamo,2015-07-20,5
2035377,Bergamo,2016-07-20,3
2035378,Bergamo,2017-07-20,3
2035379,Bergamo,2018-07-20,6
2035380,Bergamo,2019-07-20,2
2035381,Bergamo,2020-07-20,2
2035382,Bergamo,2015-07-21,5
2035383,Bergamo,2016-07-21,7
2035384,Bergamo,2017-07-21,7
2035385,Bergamo,2018-07-21,3
2035386,Bergamo,2019-07-21,3
2035387,Bergamo,2020-07-21,2
2035388,Bergamo,2015-06-06,5
2035389,Bergamo,2016-06-06,1
2035390,Bergamo,2017-06-06,3
2035391,Bergamo,2018-06-06,4
2035392,Bergamo,2019-06-06,1
2035393,Bergamo,2020-06-06,2
2035394,Bergamo,2015-05-18,10
2035395,Bergamo,2016-05-18,3
2035396,Bergamo,2017-05-18,5
2035397,Bergamo,2018-05-18,2
2035398,Bergamo,2019-05-18,5
2035399,Bergamo,2020-05-18,2
2035400,Bergamo,2015-08-25,7
2035401,Bergamo,2016-08-25,5
2035402,Bergamo,2017-08-25,7
2035403,Bergamo,2018-08-25,1
2035404,Bergamo,2019-08-25,4
2035405,Bergamo,2020-08-25,2
2035406,Bergamo,2015-06-28,3
2035407,Bergamo,2016-06-28,2
2035408,Bergamo,2017-06-28,4
2035409,Bergamo,2018-06-28,3
2035410,Bergamo,2019-06-28,5
2035411,Bergamo,2020-06-28,2
2035412,Bergamo,2015-05-07,2
2035413,Bergamo,2016-05-07,6
2035414,Bergamo,2017-05-07,3
2035415,Bergamo,2019-05-07,5
2035416,Bergamo,2020-05-07,2
2035417,Bergamo,2015-07-07,3
2035418,Bergamo,2016-07-07,1
2035419,Bergamo,2017-07-07,6
2035420,Bergamo,2018-07-07,3
2035421,Bergamo,2019-07-07,1
2035422,Bergamo,2020-07-07,2
2035424,Bergamo,2015-08-31,2
2035425,Bergamo,2016-08-31,2
2035426,Bergamo,2017-08-31,4
2035427,Bergamo,2018-08-31,4
2035428,Bergamo,2019-08-31,8
2035429,Bergamo,2020-08-31,2
2035432,Bergamo,2015-08-13,5
2035433,Bergamo,2016-08-13,4
2035434,Bergamo,2017-08-13,5
2035435,Bergamo,2018-08-13,4
2035436,Bergamo,2019-08-13,4
2035437,Bergamo,2020-08-13,2
2035439,Bergamo,2015-08-05,5
2035440,Bergamo,2016-08-05,4
2035441,Bergamo,2017-08-05,4
2035442,Bergamo,2018-08-05,2
2035443,Bergamo,2019-08-05,5
2035444,Bergamo,2020-08-05,2
2035458,Bergamo,2015-09-16,5
2035459,Bergamo,2016-09-16,4
2035460,Bergamo,2017-09-16,4
2035461,Bergamo,2018-09-16,5
2035462,Bergamo,2019-09-16,1
2035463,Bergamo,2020-09-16,2
2174351,Bergamo,2015-06-11,1
2174352,Bergamo,2016-06-11,4
2174353,Bergamo,2017-06-11,4
2174354,Bergamo,2018-06-11,9
2174355,Bergamo,2019-06-11,3
2174356,Bergamo,2020-06-11,3
2174357,Bergamo,2015-06-29,1
2174358,Bergamo,2016-06-29,6
2174359,Bergamo,2018-06-29,3
2174360,Bergamo,2019-06-29,5
2174361,Bergamo,2020-06-29,3
2174362,Bergamo,2015-06-18,4
2174363,Bergamo,2016-06-18,3
2174364,Bergamo,2017-06-18,3
2174365,Bergamo,2018-06-18,2
2174366,Bergamo,2019-06-18,3
2174367,Bergamo,2020-06-18,3
2174368,Bergamo,2015-06-19,2
2174369,Bergamo,2016-06-19,3
2174370,Bergamo,2017-06-19,3
2174371,Bergamo,2018-06-19,4
2174372,Bergamo,2019-06-19,3
2174373,Bergamo,2020-06-19,3
2174374,Bergamo,2015-06-15,3
2174375,Bergamo,2016-06-15,4
2174376,Bergamo,2017-06-15,2
2174377,Bergamo,2018-06-15,1
2174378,Bergamo,2019-06-15,5
2174379,Bergamo,2020-06-15,3
2174380,Bergamo,2015-05-01,5
2174381,Bergamo,2016-05-01,4
2174382,Bergamo,2017-05-01,4
2174383,Bergamo,2018-05-01,5
2174384,Bergamo,2019-05-01,4
2174385,Bergamo,2020-05-01,3
2174386,Bergamo,2015-07-14,4
2174387,Bergamo,2016-07-14,4
2174388,Bergamo,2017-07-14,2
2174389,Bergamo,2018-07-14,2
2174390,Bergamo,2019-07-14,2
2174391,Bergamo,2020-07-14,3
2174392,Bergamo,2015-07-17,1
2174393,Bergamo,2016-07-17,3
2174394,Bergamo,2017-07-17,2
2174395,Bergamo,2018-07-17,3
2174396,Bergamo,2019-07-17,1
2174397,Bergamo,2020-07-17,3
2174398,Bergamo,2015-08-23,3
2174399,Bergamo,2016-08-23,3
2174400,Bergamo,2017-08-23,4
2174401,Bergamo,2018-08-23,2
2174402,Bergamo,2019-08-23,6
2174403,Bergamo,2020-08-23,3
2174404,Bergamo,2015-04-28,5
2174405,Bergamo,2016-04-28,2
2174406,Bergamo,2017-04-28,4
2174407,Bergamo,2018-04-28,2
2174408,Bergamo,2019-04-28,3
2174409,Bergamo,2020-04-28,3
2174410,Bergamo,2015-08-16,1
2174411,Bergamo,2016-08-16,6
2174412,Bergamo,2017-08-16,1
2174413,Bergamo,2018-08-16,5
2174414,Bergamo,2019-08-16,1
2174415,Bergamo,2020-08-16,3
2174416,Bergamo,2015-01-05,4
2174417,Bergamo,2016-01-05,6
2174418,Bergamo,2017-01-05,4
2174419,Bergamo,2018-01-05,5
2174420,Bergamo,2019-01-05,2
2174421,Bergamo,2020-01-05,3
2174422,Bergamo,2015-01-21,9
2174423,Bergamo,2016-01-21,3
2174424,Bergamo,2017-01-21,9
2174425,Bergamo,2018-01-21,7
2174426,Bergamo,2019-01-21,4
2174427,Bergamo,2020-01-21,3
2174428,Bergamo,2015-01-07,3
2174429,Bergamo,2016-01-07,1
2174430,Bergamo,2017-01-07,3
2174431,Bergamo,2018-01-07,5
2174432,Bergamo,2019-01-07,7
2174433,Bergamo,2020-01-07,3
2174434,Bergamo,2015-07-09,6
2174435,Bergamo,2016-07-09,1
2174436,Bergamo,2017-07-09,2
2174437,Bergamo,2018-07-09,5
2174438,Bergamo,2019-07-09,1
2174439,Bergamo,2020-07-09,3
2174440,Bergamo,2015-08-15,4
2174441,Bergamo,2016-08-15,2
2174442,Bergamo,2017-08-15,4
2174443,Bergamo,2018-08-15,2
2174444,Bergamo,2019-08-15,1
2174445,Bergamo,2020-08-15,3
2174446,Bergamo,2015-05-23,3
2174447,Bergamo,2016-05-23,5
2174448,Bergamo,2017-05-23,1
2174449,Bergamo,2018-05-23,4
2174450,Bergamo,2019-05-23,2
2174451,Bergamo,2020-05-23,3
2174452,Bergamo,2015-08-28,4
2174453,Bergamo,2016-08-28,3
2174454,Bergamo,2017-08-28,4
2174455,Bergamo,2018-08-28,2
2174456,Bergamo,2019-08-28,7
2174457,Bergamo,2020-08-28,3
2174458,Bergamo,2015-08-11,4
2174459,Bergamo,2016-08-11,2
2174460,Bergamo,2017-08-11,4
2174461,Bergamo,2018-08-11,1
2174462,Bergamo,2019-08-11,5
2174463,Bergamo,2020-08-11,3
2174464,Bergamo,2015-08-07,4
2174465,Bergamo,2016-08-07,2
2174466,Bergamo,2017-08-07,6
2174467,Bergamo,2018-08-07,1
2174468,Bergamo,2019-08-07,3
2174469,Bergamo,2020-08-07,3
2174470,Bergamo,2015-06-16,2
2174471,Bergamo,2016-06-16,3
2174472,Bergamo,2017-06-16,2
2174473,Bergamo,2018-06-16,5
2174474,Bergamo,2019-06-16,3
2174475,Bergamo,2020-06-16,3
2174476,Bergamo,2015-01-03,8
2174477,Bergamo,2016-01-03,6
2174478,Bergamo,2017-01-03,6
2174479,Bergamo,2018-01-03,4
2174480,Bergamo,2019-01-03,4
2174481,Bergamo,2020-01-03,3
2174482,Bergamo,2015-06-01,2
2174483,Bergamo,2016-06-01,3
2174484,Bergamo,2017-06-01,5
2174485,Bergamo,2018-06-01,2
2174486,Bergamo,2019-06-01,2
2174487,Bergamo,2020-06-01,3
2174488,Bergamo,2015-01-30,6
2174489,Bergamo,2016-01-30,3
2174490,Bergamo,2017-01-30,6
2174491,Bergamo,2018-01-30,8
2174492,Bergamo,2019-01-30,1
2174493,Bergamo,2020-01-30,3
2174494,Bergamo,2015-01-26,5
2174495,Bergamo,2016-01-26,3
2174496,Bergamo,2017-01-26,7
2174497,Bergamo,2018-01-26,7
2174498,Bergamo,2019-01-26,1
2174499,Bergamo,2020-01-26,3
2174500,Bergamo,2015-09-22,2
2174501,Bergamo,2016-09-22,4
2174502,Bergamo,2017-09-22,5
2174503,Bergamo,2018-09-22,2
2174504,Bergamo,2019-09-22,4
2174505,Bergamo,2020-09-22,3
2174506,Bergamo,2015-01-09,8
2174507,Bergamo,2016-01-09,4
2174508,Bergamo,2017-01-09,4
2174509,Bergamo,2018-01-09,1
2174510,Bergamo,2019-01-09,6
2174511,Bergamo,2020-01-09,3
2174512,Bergamo,2015-03-01,7
2174513,Bergamo,2016-03-01,3
2174514,Bergamo,2017-03-01,7
2174515,Bergamo,2018-03-01,4
2174516,Bergamo,2019-03-01,3
2174517,Bergamo,2020-03-01,3
2174518,Bergamo,2015-01-31,4
2174519,Bergamo,2016-01-31,4
2174520,Bergamo,2017-01-31,5
2174521,Bergamo,2018-01-31,4
2174522,Bergamo,2019-01-31,4
2174523,Bergamo,2020-01-31,3
2174524,Bergamo,2015-09-03,4
2174525,Bergamo,2016-09-03,1
2174526,Bergamo,2017-09-03,3
2174527,Bergamo,2018-09-03,4
2174528,Bergamo,2019-09-03,3
2174529,Bergamo,2020-09-03,3
2174530,Bergamo,2015-08-20,3
2174531,Bergamo,2016-08-20,2
2174532,Bergamo,2017-08-20,4
2174533,Bergamo,2018-08-20,3
2174534,Bergamo,2019-08-20,3
2174535,Bergamo,2020-08-20,3
2174536,Bergamo,2015-07-05,2
2174537,Bergamo,2016-07-05,6
2174538,Bergamo,2017-07-05,8
2174539,Bergamo,2018-07-05,5
2174540,Bergamo,2019-07-05,4
2174541,Bergamo,2020-07-05,3
2174542,Bergamo,2015-06-21,3
2174543,Bergamo,2016-06-21,5
2174544,Bergamo,2017-06-21,6
2174545,Bergamo,2018-06-21,4
2174546,Bergamo,2019-06-21,7
2174547,Bergamo,2020-06-21,3
2174548,Bergamo,2015-06-13,4
2174549,Bergamo,2016-06-13,2
2174550,Bergamo,2018-06-13,1
2174551,Bergamo,2019-06-13,4
2174552,Bergamo,2020-06-13,3
2174553,Bergamo,2015-04-23,3
2174554,Bergamo,2016-04-23,2
2174555,Bergamo,2017-04-23,5
2174556,Bergamo,2018-04-23,5
2174557,Bergamo,2019-04-23,1
2174558,Bergamo,2020-04-23,3
2174559,Bergamo,2015-02-18,7
2174560,Bergamo,2016-02-18,4
2174561,Bergamo,2017-02-18,6
2174562,Bergamo,2018-02-18,3
2174563,Bergamo,2019-02-18,8
2174564,Bergamo,2020-02-18,3
2174565,Bergamo,2015-02-16,4
2174566,Bergamo,2016-02-16,6
2174567,Bergamo,2017-02-16,5
2174568,Bergamo,2018-02-16,4
2174569,Bergamo,2019-02-16,3
2174570,Bergamo,2020-02-16,3
2174571,Bergamo,2015-09-24,2
2174572,Bergamo,2016-09-24,5
2174573,Bergamo,2017-09-24,6
2174574,Bergamo,2018-09-24,2
2174575,Bergamo,2019-09-24,4
2174576,Bergamo,2020-09-24,3
2174577,Bergamo,2015-08-30,3
2174578,Bergamo,2016-08-30,7
2174579,Bergamo,2017-08-30,1
2174580,Bergamo,2018-08-30,5
2174581,Bergamo,2019-08-30,3
2174582,Bergamo,2020-08-30,3
2174586,Bergamo,2015-09-14,2
2174587,Bergamo,2016-09-14,1
2174588,Bergamo,2017-09-14,3
2174589,Bergamo,2018-09-14,7
2174590,Bergamo,2019-09-14,6
2174591,Bergamo,2020-09-14,3
2174592,Bergamo,2015-08-06,4
2174593,Bergamo,2016-08-06,3
2174594,Bergamo,2017-08-06,2
2174595,Bergamo,2018-08-06,3
2174596,Bergamo,2019-08-06,3
2174597,Bergamo,2020-08-06,3
2174598,Bergamo,2015-02-12,7
2174599,Bergamo,2016-02-12,5
2174600,Bergamo,2017-02-12,5
2174601,Bergamo,2018-02-12,4
2174602,Bergamo,2019-02-12,6
2174603,Bergamo,2020-02-12,3
2174604,Bergamo,2015-05-26,5
2174605,Bergamo,2016-05-26,4
2174606,Bergamo,2017-05-26,3
2174607,Bergamo,2018-05-26,6
2174608,Bergamo,2019-05-26,3
2174609,Bergamo,2020-05-26,3
2174610,Bergamo,2015-04-18,6
2174611,Bergamo,2016-04-18,3
2174612,Bergamo,2017-04-18,3
2174613,Bergamo,2018-04-18,5
2174614,Bergamo,2019-04-18,7
2174615,Bergamo,2020-04-18,3
2174616,Bergamo,2015-04-29,3
2174617,Bergamo,2016-04-29,4
2174618,Bergamo,2017-04-29,4
2174619,Bergamo,2018-04-29,5
2174620,Bergamo,2020-04-29,3
2174621,Bergamo,2015-01-14,6
2174622,Bergamo,2016-01-14,4
2174623,Bergamo,2017-01-14,5
2174624,Bergamo,2018-01-14,5
2174625,Bergamo,2019-01-14,5
2174626,Bergamo,2020-01-14,3
2174627,Bergamo,2015-06-09,4
2174628,Bergamo,2016-06-09,1
2174629,Bergamo,2017-06-09,4
2174630,Bergamo,2018-06-09,2
2174631,Bergamo,2019-06-09,2
2174632,Bergamo,2020-06-09,3
2174635,Bergamo,2015-07-11,4
2174636,Bergamo,2016-07-11,2
2174637,Bergamo,2017-07-11,7
2174638,Bergamo,2018-07-11,3
2174639,Bergamo,2019-07-11,6
2174640,Bergamo,2020-07-11,3
2174643,Bergamo,2015-09-30,3
2174644,Bergamo,2016-09-30,3
2174645,Bergamo,2017-09-30,6
2174646,Bergamo,2018-09-30,3
2174647,Bergamo,2019-09-30,1
2174648,Bergamo,2020-09-30,3
2174649,Bergamo,2015-05-28,4
2174650,Bergamo,2016-05-28,7
2174651,Bergamo,2017-05-28,4
2174652,Bergamo,2018-05-28,2
2174653,Bergamo,2019-05-28,4
2174654,Bergamo,2020-05-28,3
2174655,Bergamo,2015-09-07,4
2174656,Bergamo,2016-09-07,4
2174657,Bergamo,2018-09-07,4
2174658,Bergamo,2019-09-07,1
2174659,Bergamo,2020-09-07,3
2174662,Bergamo,2015-06-24,5
2174663,Bergamo,2016-06-24,2
2174664,Bergamo,2017-06-24,4
2174665,Bergamo,2018-06-24,4
2174666,Bergamo,2019-06-24,4
2174667,Bergamo,2020-06-24,3
2174668,Bergamo,2015-06-27,1
2174669,Bergamo,2016-06-27,2
2174670,Bergamo,2017-06-27,4
2174671,Bergamo,2018-06-27,5
2174672,Bergamo,2019-06-27,5
2174673,Bergamo,2020-06-27,3
2174674,Bergamo,2015-07-02,6
2174675,Bergamo,2016-07-02,4
2174676,Bergamo,2017-07-02,3
2174677,Bergamo,2018-07-02,3
2174678,Bergamo,2019-07-02,7
2174679,Bergamo,2020-07-02,3
2174703,Bergamo,2015-02-13,6
2174704,Bergamo,2016-02-13,3
2174705,Bergamo,2017-02-13,4
2174706,Bergamo,2018-02-13,5
2174707,Bergamo,2019-02-13,3
2174708,Bergamo,2020-02-13,3
2174709,Bergamo,2015-09-09,7
2174710,Bergamo,2016-09-09,5
2174711,Bergamo,2017-09-09,7
2174712,Bergamo,2018-09-09,3
2174713,Bergamo,2019-09-09,6
2174714,Bergamo,2020-09-09,3
2174715,Bergamo,2015-05-17,2
2174716,Bergamo,2016-05-17,2
2174717,Bergamo,2017-05-17,5
2174718,Bergamo,2018-05-17,2
2174719,Bergamo,2019-05-17,10
2174720,Bergamo,2020-05-17,3
2227928,Bergamo,2015-09-05,1
2227929,Bergamo,2016-09-05,8
2227930,Bergamo,2017-09-05,2
2227931,Bergamo,2018-09-05,5
2227932,Bergamo,2019-09-05,6
2227933,Bergamo,2020-09-05,4
2227934,Bergamo,2015-01-08,4
2227935,Bergamo,2016-01-08,6
2227936,Bergamo,2017-01-08,2
2227937,Bergamo,2018-01-08,7
2227938,Bergamo,2019-01-08,3
2227939,Bergamo,2020-01-08,4
2227940,Bergamo,2015-09-12,3
2227941,Bergamo,2016-09-12,3
2227942,Bergamo,2017-09-12,2
2227943,Bergamo,2018-09-12,2
2227944,Bergamo,2019-09-12,5
2227945,Bergamo,2020-09-12,4
2227946,Bergamo,2015-09-23,6
2227947,Bergamo,2016-09-23,2
2227948,Bergamo,2017-09-23,3
2227949,Bergamo,2018-09-23,2
2227950,Bergamo,2019-09-23,6
2227951,Bergamo,2020-09-23,4
2227952,Bergamo,2015-08-17,5
2227953,Bergamo,2016-08-17,4
2227954,Bergamo,2017-08-17,2
2227955,Bergamo,2018-08-17,2
2227956,Bergamo,2019-08-17,6
2227957,Bergamo,2020-08-17,4
2227958,Bergamo,2015-01-24,7
2227959,Bergamo,2016-01-24,4
2227960,Bergamo,2017-01-24,4
2227961,Bergamo,2018-01-24,2
2227962,Bergamo,2019-01-24,4
2227963,Bergamo,2020-01-24,4
2227964,Bergamo,2015-06-10,2
2227965,Bergamo,2016-06-10,3
2227966,Bergamo,2017-06-10,5
2227967,Bergamo,2018-06-10,3
2227968,Bergamo,2019-06-10,4
2227969,Bergamo,2020-06-10,4
2227970,Bergamo,2015-09-13,1
2227971,Bergamo,2016-09-13,5
2227972,Bergamo,2017-09-13,3
2227973,Bergamo,2018-09-13,3
2227974,Bergamo,2019-09-13,3
2227975,Bergamo,2020-09-13,4
2227976,Bergamo,2015-04-17,3
2227977,Bergamo,2016-04-17,3
2227978,Bergamo,2017-04-17,1
2227979,Bergamo,2018-04-17,4
2227980,Bergamo,2019-04-17,4
2227981,Bergamo,2020-04-17,4
2227982,Bergamo,2015-09-26,3
2227983,Bergamo,2016-09-26,3
2227984,Bergamo,2017-09-26,5
2227985,Bergamo,2018-09-26,3
2227986,Bergamo,2019-09-26,2
2227987,Bergamo,2020-09-26,4
2227988,Bergamo,2015-01-12,3
2227989,Bergamo,2016-01-12,3
2227990,Bergamo,2017-01-12,5
2227991,Bergamo,2018-01-12,5
2227992,Bergamo,2019-01-12,6
2227993,Bergamo,2020-01-12,4
2227994,Bergamo,2015-01-22,7
2227995,Bergamo,2016-01-22,11
2227996,Bergamo,2017-01-22,10
2227997,Bergamo,2018-01-22,3
2227998,Bergamo,2019-01-22,4
2227999,Bergamo,2020-01-22,4
2228000,Bergamo,2015-01-23,6
2228001,Bergamo,2016-01-23,1
2228002,Bergamo,2017-01-23,6
2228003,Bergamo,2018-01-23,6
2228004,Bergamo,2019-01-23,5
2228005,Bergamo,2020-01-23,4
2228006,Bergamo,2015-08-19,4
2228007,Bergamo,2017-08-19,5
2228008,Bergamo,2018-08-19,5
2228009,Bergamo,2019-08-19,3
2228010,Bergamo,2020-08-19,4
2228011,Bergamo,2015-02-25,1
2228012,Bergamo,2016-02-25,4
2228013,Bergamo,2017-02-25,2
2228014,Bergamo,2018-02-25,6
2228015,Bergamo,2019-02-25,6
2228016,Bergamo,2020-02-25,4
2228017,Bergamo,2015-02-27,10
2228018,Bergamo,2016-02-27,3
2228019,Bergamo,2017-02-27,6
2228020,Bergamo,2018-02-27,3
2228021,Bergamo,2019-02-27,2
2228022,Bergamo,2020-02-27,4
2228023,Bergamo,2015-05-13,6
2228024,Bergamo,2016-05-13,1
2228025,Bergamo,2017-05-13,3
2228026,Bergamo,2019-05-13,4
2228027,Bergamo,2020-05-13,4
2228028,Bergamo,2015-08-24,2
2228029,Bergamo,2016-08-24,2
2228030,Bergamo,2017-08-24,2
2228031,Bergamo,2018-08-24,2
2228032,Bergamo,2019-08-24,2
2228033,Bergamo,2020-08-24,4
2228034,Bergamo,2015-05-12,4
2228035,Bergamo,2016-05-12,4
2228036,Bergamo,2017-05-12,4
2228037,Bergamo,2018-05-12,4
2228038,Bergamo,2019-05-12,3
2228039,Bergamo,2020-05-12,4
2228040,Bergamo,2015-02-11,4
2228041,Bergamo,2016-02-11,8
2228042,Bergamo,2017-02-11,4
2228043,Bergamo,2018-02-11,2
2228044,Bergamo,2019-02-11,4
2228045,Bergamo,2020-02-11,4
2228046,Bergamo,2015-06-22,1
2228047,Bergamo,2016-06-22,2
2228048,Bergamo,2017-06-22,4
2228049,Bergamo,2018-06-22,3
2228050,Bergamo,2019-06-22,1
2228051,Bergamo,2020-06-22,4
2228052,Bergamo,2015-07-18,5
2228053,Bergamo,2016-07-18,3
2228054,Bergamo,2017-07-18,3
2228055,Bergamo,2018-07-18,1
2228056,Bergamo,2019-07-18,2
2228057,Bergamo,2020-07-18,4
2228058,Bergamo,2015-02-10,5
2228059,Bergamo,2016-02-10,5
2228060,Bergamo,2017-02-10,6
2228061,Bergamo,2018-02-10,4
2228062,Bergamo,2019-02-10,7
2228063,Bergamo,2020-02-10,4
2228064,Bergamo,2015-09-01,4
2228065,Bergamo,2016-09-01,3
2228066,Bergamo,2017-09-01,1
2228067,Bergamo,2019-09-01,4
2228068,Bergamo,2020-09-01,4
2228069,Bergamo,2015-04-15,4
2228070,Bergamo,2016-04-15,6
2228071,Bergamo,2017-04-15,1
2228072,Bergamo,2019-04-15,1
2228073,Bergamo,2020-04-15,4
2228074,Bergamo,2015-06-30,3
2228075,Bergamo,2016-06-30,2
2228076,Bergamo,2017-06-30,4
2228077,Bergamo,2018-06-30,4
2228078,Bergamo,2019-06-30,7
2228079,Bergamo,2020-06-30,4
2228080,Bergamo,2015-05-19,7
2228081,Bergamo,2016-05-19,1
2228082,Bergamo,2017-05-19,6
2228083,Bergamo,2018-05-19,4
2228084,Bergamo,2019-05-19,2
2228085,Bergamo,2020-05-19,4
2228086,Bergamo,2015-04-24,5
2228087,Bergamo,2016-04-24,5
2228088,Bergamo,2017-04-24,5
2228089,Bergamo,2018-04-24,1
2228090,Bergamo,2019-04-24,4
2228091,Bergamo,2020-04-24,4
2228092,Bergamo,2015-02-04,2
2228093,Bergamo,2016-02-04,5
2228094,Bergamo,2017-02-04,5
2228095,Bergamo,2018-02-04,4
2228096,Bergamo,2019-02-04,6
2228097,Bergamo,2020-02-04,4
2228098,Bergamo,2015-06-04,6
2228099,Bergamo,2016-06-04,4
2228100,Bergamo,2017-06-04,3
2228101,Bergamo,2018-06-04,6
2228102,Bergamo,2019-06-04,4
2228103,Bergamo,2020-06-04,4
2228104,Bergamo,2016-02-29,2
2228105,Bergamo,2020-02-29,4
2228106,Bergamo,2015-02-07,3
2228107,Bergamo,2016-02-07,2
2228108,Bergamo,2017-02-07,2
2228109,Bergamo,2018-02-07,3
2228110,Bergamo,2019-02-07,3
2228111,Bergamo,2020-02-07,4
2228112,Bergamo,2015-07-28,4
2228113,Bergamo,2016-07-28,2
2228114,Bergamo,2017-07-28,4
2228115,Bergamo,2018-07-28,5
2228116,Bergamo,2019-07-28,5
2228117,Bergamo,2020-07-28,4
2228118,Bergamo,2015-07-31,2
2228119,Bergamo,2016-07-31,4
2228120,Bergamo,2017-07-31,4
2228121,Bergamo,2018-07-31,8
2228122,Bergamo,2019-07-31,2
2228123,Bergamo,2020-07-31,4
2228124,Bergamo,2015-08-01,4
2228125,Bergamo,2016-08-01,1
2228126,Bergamo,2017-08-01,2
2228127,Bergamo,2018-08-01,4
2228128,Bergamo,2019-08-01,5
2228129,Bergamo,2020-08-01,4
2228130,Bergamo,2015-01-01,9
2228131,Bergamo,2016-01-01,2
2228132,Bergamo,2017-01-01,2
2228133,Bergamo,2018-01-01,5
2228134,Bergamo,2019-01-01,2
2228135,Bergamo,2020-01-01,4
2228136,Bergamo,2015-05-20,5
2228137,Bergamo,2016-05-20,5
2228138,Bergamo,2017-05-20,1
2228139,Bergamo,2018-05-20,5
2228140,Bergamo,2019-05-20,3
2228141,Bergamo,2020-05-20,4
2228142,Bergamo,2015-01-16,6
2228143,Bergamo,2016-01-16,5
2228144,Bergamo,2017-01-16,3
2228145,Bergamo,2018-01-16,6
2228146,Bergamo,2019-01-16,2
2228147,Bergamo,2020-01-16,4
2228148,Bergamo,2015-08-14,2
2228149,Bergamo,2016-08-14,2
2228150,Bergamo,2017-08-14,2
2228151,Bergamo,2018-08-14,2
2228152,Bergamo,2019-08-14,2
2228153,Bergamo,2020-08-14,4
2228154,Bergamo,2015-01-19,3
2228155,Bergamo,2016-01-19,4
2228156,Bergamo,2017-01-19,10
2228157,Bergamo,2018-01-19,3
2228158,Bergamo,2019-01-19,4
2228159,Bergamo,2020-01-19,4
2228160,Bergamo,2015-02-03,6
2228161,Bergamo,2016-02-03,4
2228162,Bergamo,2017-02-03,1
2228163,Bergamo,2018-02-03,5
2228164,Bergamo,2019-02-03,2
2228165,Bergamo,2020-02-03,4
2228166,Bergamo,2015-05-22,5
2228167,Bergamo,2016-05-22,5
2228168,Bergamo,2017-05-22,5
2228169,Bergamo,2018-05-22,4
2228170,Bergamo,2019-05-22,3
2228171,Bergamo,2020-05-22,4
2228172,Bergamo,2015-06-25,3
2228173,Bergamo,2016-06-25,3
2228174,Bergamo,2018-06-25,4
2228175,Bergamo,2019-06-25,7
2228176,Bergamo,2020-06-25,4
2228177,Bergamo,2015-03-04,7
2228178,Bergamo,2016-03-04,6
2228179,Bergamo,2017-03-04,3
2228180,Bergamo,2018-03-04,3
2228181,Bergamo,2019-03-04,7
2228182,Bergamo,2020-03-04,4
2228185,Bergamo,2015-08-29,5
2228186,Bergamo,2016-08-29,3
2228187,Bergamo,2017-08-29,4
2228188,Bergamo,2018-08-29,2
2228189,Bergamo,2019-08-29,2
2228190,Bergamo,2020-08-29,4
2228237,Bergamo,2015-09-18,7
2228238,Bergamo,2016-09-18,2
2228239,Bergamo,2017-09-18,5
2228240,Bergamo,2018-09-18,4
2228241,Bergamo,2019-09-18,9
2228242,Bergamo,2020-09-18,5
2228243,Bergamo,2015-06-07,6
2228244,Bergamo,2016-06-07,3
2228245,Bergamo,2017-06-07,3
2228246,Bergamo,2018-06-07,7
2228247,Bergamo,2019-06-07,5
2228248,Bergamo,2020-06-07,5
2228249,Bergamo,2015-08-18,3
2228250,Bergamo,2016-08-18,6
2228251,Bergamo,2017-08-18,2
2228252,Bergamo,2018-08-18,1
2228253,Bergamo,2019-08-18,4
2228254,Bergamo,2020-08-18,5
2228255,Bergamo,2015-01-15,5
2228256,Bergamo,2016-01-15,3
2228257,Bergamo,2017-01-15,8
2228258,Bergamo,2018-01-15,4
2228259,Bergamo,2019-01-15,5
2228260,Bergamo,2020-01-15,5
2228261,Bergamo,2015-04-14,4
2228262,Bergamo,2016-04-14,1
2228263,Bergamo,2017-04-14,6
2228264,Bergamo,2018-04-14,2
2228265,Bergamo,2019-04-14,4
2228266,Bergamo,2020-04-14,5
2228267,Bergamo,2015-07-01,2
2228268,Bergamo,2016-07-01,5
2228269,Bergamo,2017-07-01,4
2228270,Bergamo,2018-07-01,3
2228271,Bergamo,2019-07-01,3
2228272,Bergamo,2020-07-01,5
2228273,Bergamo,2015-07-04,3
2228274,Bergamo,2016-07-04,4
2228275,Bergamo,2017-07-04,2
2228276,Bergamo,2018-07-04,3
2228277,Bergamo,2019-07-04,2
2228278,Bergamo,2020-07-04,5
2228279,Bergamo,2015-01-04,4
2228280,Bergamo,2016-01-04,4
2228281,Bergamo,2017-01-04,10
2228282,Bergamo,2018-01-04,4
2228283,Bergamo,2019-01-04,4
2228284,Bergamo,2020-01-04,5
2228285,Bergamo,2015-05-08,3
2228286,Bergamo,2016-05-08,7
2228287,Bergamo,2019-05-08,4
2228288,Bergamo,2020-05-08,5
2228289,Bergamo,2015-04-12,1
2228290,Bergamo,2016-04-12,5
2228291,Bergamo,2017-04-12,5
2228292,Bergamo,2018-04-12,1
2228293,Bergamo,2019-04-12,3
2228294,Bergamo,2020-04-12,5
2228295,Bergamo,2015-01-20,5
2228296,Bergamo,2016-01-20,3
2228297,Bergamo,2017-01-20,5
2228298,Bergamo,2018-01-20,3
2228299,Bergamo,2019-01-20,3
2228300,Bergamo,2020-01-20,5
2228301,Bergamo,2015-02-06,8
2228302,Bergamo,2016-02-06,1
2228303,Bergamo,2017-02-06,6
2228304,Bergamo,2018-02-06,3
2228305,Bergamo,2019-02-06,2
2228306,Bergamo,2020-02-06,5
2228307,Bergamo,2015-01-29,5
2228308,Bergamo,2016-01-29,6
2228309,Bergamo,2017-01-29,2
2228310,Bergamo,2018-01-29,7
2228311,Bergamo,2019-01-29,5
2228312,Bergamo,2020-01-29,5
2228313,Bergamo,2015-07-22,5
2228314,Bergamo,2016-07-22,6
2228315,Bergamo,2017-07-22,6
2228316,Bergamo,2018-07-22,1
2228317,Bergamo,2019-07-22,5
2228318,Bergamo,2020-07-22,5
2228319,Bergamo,2015-09-10,1
2228320,Bergamo,2016-09-10,3
2228321,Bergamo,2017-09-10,2
2228322,Bergamo,2018-09-10,4
2228323,Bergamo,2019-09-10,2
2228324,Bergamo,2020-09-10,5
2228325,Bergamo,2015-05-25,2
2228326,Bergamo,2016-05-25,2
2228327,Bergamo,2017-05-25,5
2228328,Bergamo,2018-05-25,2
2228329,Bergamo,2019-05-25,2
2228330,Bergamo,2020-05-25,5
2228331,Bergamo,2015-04-10,5
2228332,Bergamo,2016-04-10,5
2228333,Bergamo,2017-04-10,2
2228334,Bergamo,2018-04-10,2
2228335,Bergamo,2019-04-10,7
2228336,Bergamo,2020-04-10,5
2228337,Bergamo,2015-07-29,4
2228338,Bergamo,2016-07-29,1
2228339,Bergamo,2017-07-29,1
2228340,Bergamo,2018-07-29,8
2228341,Bergamo,2019-07-29,8
2228342,Bergamo,2020-07-29,5
2228343,Bergamo,2015-05-03,7
2228344,Bergamo,2016-05-03,7
2228345,Bergamo,2017-05-03,3
2228346,Bergamo,2018-05-03,2
2228347,Bergamo,2020-05-03,5
2228348,Bergamo,2015-01-06,8
2228349,Bergamo,2016-01-06,1
2228350,Bergamo,2017-01-06,11
2228351,Bergamo,2018-01-06,6
2228352,Bergamo,2019-01-06,3
2228353,Bergamo,2020-01-06,5
2228354,Bergamo,2015-02-14,4
2228355,Bergamo,2016-02-14,5
2228356,Bergamo,2017-02-14,6
2228357,Bergamo,2018-02-14,1
2228358,Bergamo,2019-02-14,8
2228359,Bergamo,2020-02-14,5
2228360,Bergamo,2015-01-13,7
2228361,Bergamo,2016-01-13,3
2228362,Bergamo,2017-01-13,7
2228363,Bergamo,2018-01-13,3
2228364,Bergamo,2019-01-13,3
2228365,Bergamo,2020-01-13,5
2228366,Bergamo,2015-05-09,2
2228367,Bergamo,2016-05-09,4
2228368,Bergamo,2017-05-09,3
2228369,Bergamo,2018-05-09,4
2228370,Bergamo,2019-05-09,4
2228371,Bergamo,2020-05-09,5
2228372,Bergamo,2015-02-05,6
2228373,Bergamo,2016-02-05,3
2228374,Bergamo,2017-02-05,3
2228375,Bergamo,2018-02-05,4
2228376,Bergamo,2019-02-05,5
2228377,Bergamo,2020-02-05,5
2228378,Bergamo,2015-04-21,2
2228379,Bergamo,2016-04-21,6
2228380,Bergamo,2017-04-21,5
2228381,Bergamo,2018-04-21,7
2228382,Bergamo,2019-04-21,5
2228383,Bergamo,2020-04-21,5
2228384,Bergamo,2015-07-30,2
2228385,Bergamo,2016-07-30,2
2228386,Bergamo,2017-07-30,1
2228387,Bergamo,2018-07-30,3
2228388,Bergamo,2019-07-30,4
2228389,Bergamo,2020-07-30,5
2228390,Bergamo,2015-09-11,7
2228391,Bergamo,2016-09-11,3
2228392,Bergamo,2017-09-11,4
2228393,Bergamo,2018-09-11,3
2228394,Bergamo,2019-09-11,4
2228395,Bergamo,2020-09-11,5
2228396,Bergamo,2015-08-21,3
2228397,Bergamo,2016-08-21,3
2228398,Bergamo,2017-08-21,3
2228399,Bergamo,2018-08-21,3
2228400,Bergamo,2019-08-21,2
2228401,Bergamo,2020-08-21,5
2228402,Bergamo,2016-05-27,3
2228403,Bergamo,2017-05-27,1
2228404,Bergamo,2018-05-27,3
2228405,Bergamo,2019-05-27,3
2228406,Bergamo,2020-05-27,5
2228407,Bergamo,2015-01-27,5
2228408,Bergamo,2016-01-27,7
2228409,Bergamo,2017-01-27,8
2228410,Bergamo,2018-01-27,7
2228411,Bergamo,2019-01-27,7
2228412,Bergamo,2020-01-27,5
2228413,Bergamo,2015-02-19,5
2228414,Bergamo,2016-02-19,5
2228415,Bergamo,2017-02-19,4
2228416,Bergamo,2018-02-19,4
2228417,Bergamo,2019-02-19,8
2228418,Bergamo,2020-02-19,5
2228419,Bergamo,2015-07-08,5
2228420,Bergamo,2016-07-08,5
2228421,Bergamo,2017-07-08,2
2228422,Bergamo,2018-07-08,3
2228423,Bergamo,2019-07-08,4
2228424,Bergamo,2020-07-08,5
2248564,Bergamo,2015-02-08,3
2248565,Bergamo,2016-02-08,5
2248566,Bergamo,2017-02-08,4
2248567,Bergamo,2018-02-08,2
2248568,Bergamo,2019-02-08,3
2248569,Bergamo,2020-02-08,6
2248570,Bergamo,2015-01-10,6
2248571,Bergamo,2016-01-10,2
2248572,Bergamo,2017-01-10,2
2248573,Bergamo,2018-01-10,4
2248574,Bergamo,2019-01-10,4
2248575,Bergamo,2020-01-10,6
2248576,Bergamo,2015-05-11,7
2248577,Bergamo,2016-05-11,5
2248578,Bergamo,2017-05-11,7
2248579,Bergamo,2018-05-11,3
2248580,Bergamo,2019-05-11,4
2248581,Bergamo,2020-05-11,6
2248582,Bergamo,2015-07-13,4
2248583,Bergamo,2016-07-13,5
2248584,Bergamo,2017-07-13,4
2248585,Bergamo,2018-07-13,3
2248586,Bergamo,2019-07-13,3
2248587,Bergamo,2020-07-13,6
2248588,Bergamo,2015-08-12,4
2248589,Bergamo,2016-08-12,3
2248590,Bergamo,2017-08-12,5
2248591,Bergamo,2018-08-12,3
2248592,Bergamo,2019-08-12,4
2248593,Bergamo,2020-08-12,6
2248594,Bergamo,2015-07-03,4
2248595,Bergamo,2016-07-03,6
2248596,Bergamo,2017-07-03,3
2248597,Bergamo,2018-07-03,4
2248598,Bergamo,2019-07-03,8
2248599,Bergamo,2020-07-03,6
2248600,Bergamo,2015-02-01,2
2248601,Bergamo,2016-02-01,6
2248602,Bergamo,2017-02-01,6
2248603,Bergamo,2018-02-01,6
2248604,Bergamo,2019-02-01,9
2248605,Bergamo,2020-02-01,6
2248606,Bergamo,2015-07-24,6
2248607,Bergamo,2016-07-24,3
2248608,Bergamo,2017-07-24,3
2248609,Bergamo,2018-07-24,5
2248610,Bergamo,2019-07-24,8
2248611,Bergamo,2020-07-24,6
2248612,Bergamo,2015-07-27,1
2248613,Bergamo,2016-07-27,6
2248614,Bergamo,2017-07-27,1
2248615,Bergamo,2018-07-27,4
2248616,Bergamo,2019-07-27,2
2248617,Bergamo,2020-07-27,6
2248618,Bergamo,2015-02-17,5
2248619,Bergamo,2016-02-17,6
2248620,Bergamo,2017-02-17,2
2248621,Bergamo,2018-02-17,4
2248622,Bergamo,2019-02-17,3
2248623,Bergamo,2020-02-17,6
2248624,Bergamo,2015-09-06,2
2248625,Bergamo,2016-09-06,3
2248626,Bergamo,2017-09-06,5
2248627,Bergamo,2018-09-06,4
2248628,Bergamo,2019-09-06,3
2248629,Bergamo,2020-09-06,6
2248630,Bergamo,2015-06-02,4
2248631,Bergamo,2016-06-02,5
2248632,Bergamo,2017-06-02,3
2248633,Bergamo,2018-06-02,2
2248634,Bergamo,2019-06-02,5
2248635,Bergamo,2020-06-02,6
2248636,Bergamo,2015-05-14,3
2248637,Bergamo,2016-05-14,3
2248638,Bergamo,2017-05-14,6
2248639,Bergamo,2018-05-14,5
2248640,Bergamo,2019-05-14,1
2248641,Bergamo,2020-05-14,6
2248642,Bergamo,2015-05-24,7
2248643,Bergamo,2016-05-24,2
2248644,Bergamo,2017-05-24,3
2248645,Bergamo,2018-05-24,4
2248646,Bergamo,2019-05-24,8
2248647,Bergamo,2020-05-24,6
2248648,Bergamo,2015-02-24,2
2248649,Bergamo,2016-02-24,2
2248650,Bergamo,2017-02-24,4
2248651,Bergamo,2018-02-24,7
2248652,Bergamo,2019-02-24,1
2248653,Bergamo,2020-02-24,6
2248654,Bergamo,2015-04-16,1
2248655,Bergamo,2016-04-16,5
2248656,Bergamo,2017-04-16,1
2248657,Bergamo,2018-04-16,2
2248658,Bergamo,2019-04-16,3
2248659,Bergamo,2020-04-16,6
2248683,Bergamo,2015-08-10,3
2248684,Bergamo,2016-08-10,7
2248685,Bergamo,2017-08-10,6
2248686,Bergamo,2018-08-10,3
2248687,Bergamo,2019-08-10,7
2248688,Bergamo,2020-08-10,6
2248689,Bergamo,2015-06-23,4
2248690,Bergamo,2016-06-23,4
2248691,Bergamo,2017-06-23,8
2248692,Bergamo,2018-06-23,3
2248693,Bergamo,2019-06-23,1
2248694,Bergamo,2020-06-23,6
2248695,Bergamo,2015-03-05,7
2248696,Bergamo,2016-03-05,2
2248697,Bergamo,2017-03-05,3
2248698,Bergamo,2018-03-05,3
2248699,Bergamo,2019-03-05,3
2248700,Bergamo,2020-03-05,6
2259657,Bergamo,2015-01-11,4
2259658,Bergamo,2016-01-11,5
2259659,Bergamo,2017-01-11,6
2259660,Bergamo,2018-01-11,3
2259661,Bergamo,2019-01-11,7
2259662,Bergamo,2020-01-11,7
2259663,Bergamo,2015-07-15,5
2259664,Bergamo,2016-07-15,2
2259665,Bergamo,2017-07-15,2
2259666,Bergamo,2018-07-15,3
2259667,Bergamo,2019-07-15,2
2259668,Bergamo,2020-07-15,7
2259669,Bergamo,2015-04-22,4
2259670,Bergamo,2016-04-22,4
2259671,Bergamo,2017-04-22,3
2259672,Bergamo,2018-04-22,1
2259673,Bergamo,2019-04-22,3
2259674,Bergamo,2020-04-22,7
2259675,Bergamo,2015-06-08,4
2259676,Bergamo,2016-06-08,1
2259677,Bergamo,2017-06-08,2
2259678,Bergamo,2018-06-08,2
2259679,Bergamo,2019-06-08,6
2259680,Bergamo,2020-06-08,7
2259681,Bergamo,2015-09-29,3
2259682,Bergamo,2016-09-29,5
2259683,Bergamo,2017-09-29,2
2259684,Bergamo,2018-09-29,5
2259685,Bergamo,2019-09-29,3
2259686,Bergamo,2020-09-29,7
2259687,Bergamo,2015-05-30,4
2259688,Bergamo,2016-05-30,6
2259689,Bergamo,2017-05-30,6
2259690,Bergamo,2018-05-30,2
2259691,Bergamo,2019-05-30,5
2259692,Bergamo,2020-05-30,7
2259693,Bergamo,2015-02-28,3
2259694,Bergamo,2016-02-28,3
2259695,Bergamo,2017-02-28,5
2259696,Bergamo,2018-02-28,2
2259697,Bergamo,2019-02-28,3
2259698,Bergamo,2020-02-28,7
2259699,Bergamo,2015-02-26,5
2259700,Bergamo,2016-02-26,7
2259701,Bergamo,2017-02-26,2
2259702,Bergamo,2018-02-26,4
2259703,Bergamo,2019-02-26,2
2259704,Bergamo,2020-02-26,7
2259705,Bergamo,2015-05-15,5
2259706,Bergamo,2016-05-15,4
2259707,Bergamo,2017-05-15,3
2259708,Bergamo,2018-05-15,2
2259709,Bergamo,2019-05-15,3
2259710,Bergamo,2020-05-15,7
2259711,Bergamo,2015-04-26,3
2259712,Bergamo,2016-04-26,3
2259713,Bergamo,2017-04-26,3
2259714,Bergamo,2018-04-26,3
2259715,Bergamo,2019-04-26,5
2259716,Bergamo,2020-04-26,7
2259717,Bergamo,2015-05-06,2
2259718,Bergamo,2016-05-06,5
2259719,Bergamo,2017-05-06,3
2259720,Bergamo,2018-05-06,5
2259721,Bergamo,2019-05-06,3
2259722,Bergamo,2020-05-06,7
2259723,Bergamo,2015-02-15,4
2259724,Bergamo,2016-02-15,3
2259725,Bergamo,2017-02-15,4
2259726,Bergamo,2018-02-15,5
2259727,Bergamo,2019-02-15,2
2259728,Bergamo,2020-02-15,7
2259729,Bergamo,2015-02-23,4
2259730,Bergamo,2016-02-23,2
2259731,Bergamo,2017-02-23,3
2259732,Bergamo,2018-02-23,4
2259733,Bergamo,2019-02-23,4
2259734,Bergamo,2020-02-23,7
2259735,Bergamo,2015-04-20,2
2259736,Bergamo,2016-04-20,4
2259737,Bergamo,2017-04-20,4
2259738,Bergamo,2018-04-20,3
2259739,Bergamo,2019-04-20,2
2259740,Bergamo,2020-04-20,7
2259741,Bergamo,2015-01-18,1
2259742,Bergamo,2016-01-18,4
2259743,Bergamo,2017-01-18,5
2259744,Bergamo,2018-01-18,3
2259745,Bergamo,2019-01-18,6
2259746,Bergamo,2020-01-18,7
2266006,Bergamo,2015-02-22,7
2266007,Bergamo,2016-02-22,2
2266008,Bergamo,2017-02-22,2
2266009,Bergamo,2018-02-22,11
2266010,Bergamo,2019-02-22,5
2266011,Bergamo,2020-02-22,8
2266012,Bergamo,2015-04-06,7
2266013,Bergamo,2016-04-06,3
2266014,Bergamo,2017-04-06,3
2266015,Bergamo,2018-04-06,3
2266016,Bergamo,2019-04-06,1
2266017,Bergamo,2020-04-06,8
2266018,Bergamo,2015-07-06,6
2266019,Bergamo,2016-07-06,6
2266020,Bergamo,2017-07-06,4
2266021,Bergamo,2018-07-06,6
2266022,Bergamo,2019-07-06,4
2266023,Bergamo,2020-07-06,8
2266024,Bergamo,2015-04-19,4
2266025,Bergamo,2016-04-19,3
2266026,Bergamo,2017-04-19,6
2266027,Bergamo,2018-04-19,3
2266028,Bergamo,2019-04-19,2
2266029,Bergamo,2020-04-19,8
2266030,Bergamo,2015-04-25,1
2266031,Bergamo,2016-04-25,2
2266032,Bergamo,2017-04-25,2
2266033,Bergamo,2018-04-25,2
2266034,Bergamo,2019-04-25,4
2266035,Bergamo,2020-04-25,8
2266036,Bergamo,2015-06-26,5
2266037,Bergamo,2016-06-26,5
2266038,Bergamo,2017-06-26,3
2266039,Bergamo,2018-06-26,3
2266040,Bergamo,2019-06-26,6
2266041,Bergamo,2020-06-26,8
2266042,Bergamo,2015-05-02,3
2266043,Bergamo,2016-05-02,4
2266044,Bergamo,2017-05-02,5
2266045,Bergamo,2018-05-02,4
2266046,Bergamo,2019-05-02,4
2266047,Bergamo,2020-05-02,8
2266048,Bergamo,2015-04-02,6
2266049,Bergamo,2016-04-02,3
2266050,Bergamo,2017-04-02,4
2266051,Bergamo,2018-04-02,3
2266052,Bergamo,2019-04-02,4
2266053,Bergamo,2020-04-02,8
2266054,Bergamo,2015-06-12,3
2266055,Bergamo,2016-06-12,3
2266056,Bergamo,2017-06-12,1
2266057,Bergamo,2018-06-12,8
2266058,Bergamo,2019-06-12,4
2266059,Bergamo,2020-06-12,8
2266444,Bergamo,2015-03-03,6
2266445,Bergamo,2016-03-03,6
2266446,Bergamo,2017-03-03,5
2266447,Bergamo,2018-03-03,7
2266448,Bergamo,2019-03-03,4
2266449,Bergamo,2020-03-03,9
2266450,Bergamo,2015-01-02,6
2266451,Bergamo,2017-01-02,8
2266452,Bergamo,2018-01-02,7
2266453,Bergamo,2019-01-02,1
2266454,Bergamo,2020-01-02,9
2266455,Bergamo,2015-04-09,3
2266456,Bergamo,2016-04-09,4
2266457,Bergamo,2017-04-09,6
2266458,Bergamo,2018-04-09,3
2266459,Bergamo,2019-04-09,3
2266460,Bergamo,2020-04-09,9
2270363,Bergamo,2015-03-06,4
2270364,Bergamo,2016-03-06,6
2270365,Bergamo,2017-03-06,2
2270366,Bergamo,2018-03-06,5
2270367,Bergamo,2019-03-06,4
2270368,Bergamo,2020-03-06,10
2270369,Bergamo,2015-04-13,2
2270370,Bergamo,2016-04-13,5
2270371,Bergamo,2017-04-13,8
2270372,Bergamo,2018-04-13,4
2270373,Bergamo,2019-04-13,7
2270374,Bergamo,2020-04-13,10
2273118,Bergamo,2015-04-11,3
2273119,Bergamo,2016-04-11,6
2273120,Bergamo,2017-04-11,1
2273121,Bergamo,2018-04-11,2
2273122,Bergamo,2020-04-11,11
2273123,Bergamo,2015-04-08,3
2273124,Bergamo,2016-04-08,4
2273125,Bergamo,2017-04-08,3
2273126,Bergamo,2018-04-08,6
2273127,Bergamo,2019-04-08,6
2273128,Bergamo,2020-04-08,11
2275085,Bergamo,2015-04-05,1
2275086,Bergamo,2016-04-05,5
2275087,Bergamo,2017-04-05,4
2275088,Bergamo,2019-04-05,3
2275089,Bergamo,2020-04-05,12
2276757,Bergamo,2015-03-07,5
2276758,Bergamo,2016-03-07,3
2276759,Bergamo,2017-03-07,3
2276760,Bergamo,2018-03-07,5
2276761,Bergamo,2019-03-07,3
2276762,Bergamo,2020-03-07,14
2278565,Bergamo,2015-03-09,7
2278566,Bergamo,2016-03-09,9
2278567,Bergamo,2017-03-09,4
2278568,Bergamo,2018-03-09,3
2278569,Bergamo,2019-03-09,2
2278570,Bergamo,2020-03-09,16
2278571,Bergamo,2015-04-03,2
2278572,Bergamo,2016-04-03,1
2278573,Bergamo,2017-04-03,4
2278574,Bergamo,2018-04-03,2
2278575,Bergamo,2019-04-03,5
2278576,Bergamo,2020-04-03,16
2278577,Bergamo,2015-04-07,7
2278578,Bergamo,2016-04-07,1
2278579,Bergamo,2017-04-07,2
2278580,Bergamo,2018-04-07,4
2278581,Bergamo,2019-04-07,3
2278582,Bergamo,2020-04-07,16
2278583,Bergamo,2015-04-04,7
2278584,Bergamo,2016-04-04,3
2278585,Bergamo,2017-04-04,7
2278586,Bergamo,2019-04-04,1
2278587,Bergamo,2020-04-04,17
2278588,Bergamo,2015-03-10,3
2278589,Bergamo,2016-03-10,6
2278590,Bergamo,2017-03-10,8
2278591,Bergamo,2018-03-10,7
2278592,Bergamo,2019-03-10,5
2278593,Bergamo,2020-03-10,17
2278594,Bergamo,2015-03-30,5
2278595,Bergamo,2016-03-30,8
2278596,Bergamo,2017-03-30,4
2278597,Bergamo,2018-03-30,3
2278598,Bergamo,2019-03-30,5
2278599,Bergamo,2020-03-30,17
2279453,Bergamo,2015-03-31,4
2279454,Bergamo,2016-03-31,2
2279455,Bergamo,2017-03-31,3
2279456,Bergamo,2018-03-31,2
2279457,Bergamo,2019-03-31,2
2279458,Bergamo,2020-03-31,18
2279459,Bergamo,2015-03-08,4
2279460,Bergamo,2016-03-08,5
2279461,Bergamo,2018-03-08,4
2279462,Bergamo,2019-03-08,6
2279463,Bergamo,2020-03-08,18
2280189,Bergamo,2015-03-29,4
2280190,Bergamo,2016-03-29,7
2280191,Bergamo,2017-03-29,3
2280192,Bergamo,2018-03-29,1
2280193,Bergamo,2019-03-29,7
2280194,Bergamo,2020-03-29,19
2280195,Bergamo,2015-03-16,4
2280196,Bergamo,2016-03-16,5
2280197,Bergamo,2017-03-16,3
2280198,Bergamo,2018-03-16,7
2280199,Bergamo,2019-03-16,4
2280200,Bergamo,2020-03-16,19
2280615,Bergamo,2015-03-23,4
2280616,Bergamo,2016-03-23,4
2280617,Bergamo,2017-03-23,5
2280618,Bergamo,2018-03-23,6
2280619,Bergamo,2019-03-23,2
2280620,Bergamo,2020-03-23,20
2281948,Bergamo,2015-03-11,3
2281949,Bergamo,2016-03-11,4
2281950,Bergamo,2017-03-11,4
2281951,Bergamo,2018-03-11,2
2281952,Bergamo,2019-03-11,7
2281953,Bergamo,2020-03-11,23
2282470,Bergamo,2015-03-25,4
2282471,Bergamo,2016-03-25,4
2282472,Bergamo,2017-03-25,2
2282473,Bergamo,2018-03-25,6
2282474,Bergamo,2019-03-25,8
2282475,Bergamo,2020-03-25,24
2282476,Bergamo,2015-03-12,4
2282477,Bergamo,2016-03-12,3
2282478,Bergamo,2017-03-12,5
2282479,Bergamo,2018-03-12,4
2282480,Bergamo,2019-03-12,6
2282481,Bergamo,2020-03-12,24
2282482,Bergamo,2015-04-01,6
2282483,Bergamo,2016-04-01,4
2282484,Bergamo,2017-04-01,4
2282485,Bergamo,2018-04-01,5
2282486,Bergamo,2019-04-01,5
2282487,Bergamo,2020-04-01,25
2282998,Bergamo,2015-03-17,2
2282999,Bergamo,2016-03-17,2
2283000,Bergamo,2017-03-17,4
2283001,Bergamo,2018-03-17,1
2283002,Bergamo,2019-03-17,3
2283003,Bergamo,2020-03-17,26
2283906,Bergamo,2015-03-22,4
2283907,Bergamo,2016-03-22,1
2283908,Bergamo,2017-03-22,2
2283909,Bergamo,2018-03-22,4
2283910,Bergamo,2019-03-22,3
2283911,Bergamo,2020-03-22,28
2283912,Bergamo,2015-03-14,2
2283913,Bergamo,2016-03-14,1
2283914,Bergamo,2017-03-14,3
2283915,Bergamo,2018-03-14,5
2283916,Bergamo,2019-03-14,3
2283917,Bergamo,2020-03-14,28
2284164,Bergamo,2015-03-24,4
2284165,Bergamo,2016-03-24,6
2284166,Bergamo,2017-03-24,5
2284167,Bergamo,2018-03-24,5
2284168,Bergamo,2019-03-24,2
2284169,Bergamo,2020-03-24,29
2284170,Bergamo,2016-03-27,7
2284171,Bergamo,2017-03-27,4
2284172,Bergamo,2019-03-27,4
2284173,Bergamo,2020-03-27,29
2284299,Bergamo,2015-03-18,5
2284300,Bergamo,2016-03-18,4
2284301,Bergamo,2017-03-18,2
2284302,Bergamo,2018-03-18,3
2284303,Bergamo,2019-03-18,6
2284304,Bergamo,2020-03-18,30
2284665,Bergamo,2015-03-28,4
2284666,Bergamo,2016-03-28,4
2284667,Bergamo,2017-03-28,3
2284668,Bergamo,2018-03-28,3
2284669,Bergamo,2019-03-28,2
2284670,Bergamo,2020-03-28,31
2284917,Bergamo,2015-03-19,2
2284918,Bergamo,2016-03-19,5
2284919,Bergamo,2017-03-19,8
2284920,Bergamo,2018-03-19,2
2284921,Bergamo,2019-03-19,6
2284922,Bergamo,2020-03-19,32
2285061,Bergamo,2015-03-15,3
2285062,Bergamo,2016-03-15,2
2285063,Bergamo,2017-03-15,4
2285064,Bergamo,2018-03-15,4
2285065,Bergamo,2019-03-15,2
2285066,Bergamo,2020-03-15,33
2285211,Bergamo,2015-03-26,3
2285212,Bergamo,2016-03-26,1
2285213,Bergamo,2017-03-26,2
2285214,Bergamo,2018-03-26,4
2285215,Bergamo,2019-03-26,1
2285216,Bergamo,2020-03-26,34
2285565,Bergamo,2015-03-20,5
2285566,Bergamo,2016-03-20,2
2285567,Bergamo,2017-03-20,3
2285568,Bergamo,2018-03-20,4
2285569,Bergamo,2019-03-20,4
2285570,Bergamo,2020-03-20,36
2285745,Bergamo,2015-03-13,7
2285746,Bergamo,2016-03-13,2
2285747,Bergamo,2017-03-13,4
2285748,Bergamo,2018-03-13,5
2285749,Bergamo,2019-03-13,6
2285750,Bergamo,2020-03-13,37
2286499,Bergamo,2015-03-21,5
2286500,Bergamo,2016-03-21,4
2286501,Bergamo,2017-03-21,4
2286502,Bergamo,2018-03-21,4
2286503,Bergamo,2019-03-21,2
2286504,Bergamo,2020-03-21,43
